{
  "total_2023": 131658.36,
  "total_2024": 128617.37,
  "total_2025": 159709.12,
  "count_2023": 1047,
  "count_2024": 941,
  "count_2025": 981,
  "monthly_2023": {
    "1": 14733.15,
    "2": 16317.05,
    "3": 11774.72,
    "4": 8143.14,
    "5": 6848.79,
    "6": 6341.299999999999,
    "7": 10859.31,
    "8": 20326.41,
    "9": 11236.990000000002,
    "10": 8429.66,
    "11": 9310.74,
    "12": 7337.1
  },
  "monthly_2024": {
    "1": 16340.06,
    "2": 9732.45,
    "3": 18672.14,
    "4": 6944.48,
    "5": 10955.529999999999,
    "6": 8977.29,
    "7": 4951.6900000000005,
    "8": 14329.82,
    "9": 14367.800000000001,
    "10": 7571.02,
    "11": 9026.24,
    "12": 6748.849999999999
  },
  "monthly_2025": {
    "1": 11824.259999999998,
    "2": 11194.96,
    "3": 14057.38,
    "4": 5507.7300000000005,
    "5": 10171.98,
    "6": 11018.02,
    "7": 26070.369999999995,
    "8": 14290.61,
    "9": 6526.38,
    "10": 9892.4,
    "11": 32808.64,
    "12": 6346.39
  },
  "categories_2023": {
    "书籍": 277.90999999999997,
    "交通": 7336.38,
    "亲戚": 249.5,
    "住房": 42798.0,
    "党员": 180.0,
    "医疗": 1729.94,
    "娱乐": 305.3,
    "学习": 1615.0,
    "孩子": 22460.329999999998,
    "居家": 20353.68,
    "康复": 32.4,
    "快递": 62.0,
    "数码产品": 13016.380000000001,
    "旅游": 1466.0,
    "水果": 1554.7,
    "父母": 1791.5,
    "玩具": 41.21,
    "礼金": 2294.0,
    "衣服": 87.8,
    "软件服务": 3205.95,
    "通讯": 872.4,
    "零食": 108.19999999999999,
    "餐饮": 9819.78
  },
  "categories_2024": {
    "书籍": 12.56,
    "交通": 9272.04,
    "亲戚": 3617.0,
    "住房": 39204.0,
    "保险": 1880.0,
    "党员": 180.0,
    "医疗": 366.23,
    "学习": 83.2,
    "孩子": 27761.39,
    "居家": 8986.51,
    "工作": 404.5,
    "数码产品": 4309.2,
    "旅游": 7139.0,
    "水果": 822.71,
    "父母": 853.82,
    "玩具": 19.8,
    "礼金": 7979.63,
    "花卉": 3.1,
    "衣服": 1033.56,
    "软件服务": 1943.29,
    "运动": 139.3,
    "通讯": 1370.29,
    "零食": 44.0,
    "餐饮": 11192.24
  },
  "categories_2025": {
    "书籍": 936.67,
    "交通": 8368.82,
    "亲戚": 1269.54,
    "住房": 39620.82,
    "保险": 4364.6,
    "党员": 180.0,
    "医疗": 918.04,
    "娱乐": 349.0,
    "学习": 177.9,
    "孩子": 8483.06,
    "居家": 23054.05,
    "康复": 44896.0,
    "快递": 12.0,
    "数码产品": 804.9300000000001,
    "旅游": 6312.46,
    "植物": 106.3,
    "水果": 699.86,
    "父母": 2141.0,
    "玩具": 613.71,
    "老婆": 1389.0,
    "营养补剂": 674.3,
    "衣服": 127.9,
    "软件服务": 2230.36,
    "运动": 171.1,
    "通讯": 725.0,
    "零食": 857.2,
    "餐饮": 10225.5
  },
  "top_items_2023": [
    [
      "电脑",
      6900.0,
      "数码产品",
      "2023-08-12"
    ],
    [
      "房贷",
      6061.0,
      "住房",
      "2023-01-01"
    ],
    [
      "培训",
      5000.0,
      "孩子",
      "2023-02-18"
    ],
    [
      "所得税",
      4890.0,
      "居家",
      "2023-03-19"
    ],
    [
      "学费",
      3920.0,
      "孩子",
      "2023-02-04"
    ],
    [
      "保教费",
      3500.0,
      "孩子",
      "2023-07-12"
    ],
    [
      "房贷",
      3367.0,
      "住房",
      "2023-09-01"
    ],
    [
      "房贷",
      3367.0,
      "住房",
      "2023-08-01"
    ],
    [
      "房贷",
      3367.0,
      "住房",
      "2023-07-01"
    ],
    [
      "房贷",
      3367.0,
      "住房",
      "2023-06-01"
    ]
  ],
  "top_items_2024": [
    [
      "架子鼓",
      7680.0,
      "孩子",
      "2024-03-18"
    ],
    [
      "礼金",
      6000.0,
      "礼金",
      "2024-09-03"
    ],
    [
      "保教费",
      3500.0,
      "孩子",
      "2024-08-27"
    ],
    [
      "保教费",
      3500.0,
      "孩子",
      "2024-01-26"
    ],
    [
      "房贷",
      3267.0,
      "住房",
      "2024-12-01"
    ],
    [
      "房贷",
      3267.0,
      "住房",
      "2024-11-01"
    ],
    [
      "房贷",
      3267.0,
      "住房",
      "2024-10-01"
    ],
    [
      "房贷",
      3267.0,
      "住房",
      "2024-09-01"
    ],
    [
      "房贷",
      3267.0,
      "住房",
      "2024-08-01"
    ],
    [
      "房贷",
      3267.0,
      "住房",
      "2024-07-01"
    ]
  ],
  "top_items_2025": [
    [
      "景宝康复",
      26496.0,
      "康复",
      "2025-11-21"
    ],
    [
      "康复费用",
      18400.0,
      "康复",
      "2025-07-14"
    ],
    [
      "个人所得税",
      6135.0,
      "居家",
      "2025-03-14"
    ],
    [
      "保教费",
      3500.0,
      "孩子",
      "2025-01-16"
    ],
    [
      "房贷",
      3267.0,
      "住房",
      "2025-01-01"
    ],
    [
      "房贷",
      3129.0,
      "住房",
      "2025-12-01"
    ],
    [
      "房贷",
      3129.0,
      "住房",
      "2025-11-01"
    ],
    [
      "房贷",
      3129.0,
      "住房",
      "2025-10-01"
    ],
    [
      "房贷",
      3129.0,
      "住房",
      "2025-09-01"
    ],
    [
      "房贷",
      3129.0,
      "住房",
      "2025-08-01"
    ]
  ]
}